{
  "type": "minecraft:block",
  "pools": [
    {
      "rolls": 1,
      "entries": [
        {
          "type": "minecraft:item",
          "name": "waystones:warp_plate",
          "functions": [
            {
              "function": "minecraft:copy_nbt",
              "conditions": [
                {
                  "condition": "minecraft:match_tool",
                  "predicate": {
                    "enchantments": [
                      {
                        "enchantment": "minecraft:silk_touch",
                        "levels": {
                          "min": 1
                        }
                      }
                    ]
                  }
                }
              ],
              "source": "block_entity",
              "ops": [
                {
                  "source": "UUID",
                  "target": "UUID",
                  "op": "replace"
                },
                {
                  "source": "CompletedFirstAttunement",
                  "target": "CompletedFirstAttunement",
                  "op": "replace"
                }
              ]
            }
          ]
        }
      ],
      "conditions": [
        {
          "condition": "minecraft:survives_explosion"
        }
      ]
    }
  ]
}
